title;start;CES_parameters;slurmConfig;optimization;c_testOneRegi_region;cm_rcp_scen;cm_iterative_target_adj;subsidizeLearning;c_budgetCO2from2020;carbonprice;cm_co2_tax_2020;cm_peakBudgYr;cm_taxCO2inc_after_peakBudgYr;cm_CO2priceRegConvEndYr;cm_emiscen;c_regi_earlyreti_rate;c_tech_earlyreti_rate;cm_fetaxscen;cm_co2_tax_growth;trade;cm_import_EU;cm_bioenergy_SustTax;cm_maxProdBiolc;cm_bioprod_regi_lim;cm_import_tax;c_ccsinjecratescen;c_ccscapratescen;c_agricult_base_shift;cm_CESMkup_build;cm_CESMkup_ind;cm_adj_coeff_multiplier;cm_adj_seed_multiplier;techpol;regipol;cm_emiMktTarget;cm_NucRegiPol;cm_CoalRegiPol;cm_altFeEmiFac;cm_POPscen;cm_GDPscen;cm_demScen;cm_oil_scen;cm_gas_scen;cm_coal_scen;c_techAssumptScen;cm_nucscen;cm_so2tax_scen;cm_multigasscen;cm_LU_emi_scen;cm_tradecostBio;cm_1stgen_phaseout;c_SSP_forcing_adjust;cm_APscen;water;cm_EDGEtr_scen;cm_startyear;path_gdx;path_gdx_ref;path_gdx_bau;path_gdx_refpolicycost;description
SSP2EU-calibrate;1;calibrate;14;;;none;0;off;0;none;-1;2100;3;2050;1;GLO 0.09, EUR_regi 0.15;off;3;1.05;standard;off;1.5;off;off;off;1;1;off;standard;standard;off;off;none;none;off;off;off;off;pop_SSP2EU;gdp_SSP2EU;gdp_SSP2EU;medOil;medGas;medCoal;1;2;1;2;SSP2;1;0;forcing_SSP2;SSP2;heat;Mix1;2005;;;;;SSP2EU-calibration: This baseline scenario follows the Shared Socioeconomic Pathways 2 called Middle of the Road.
SSP2EU-NPi-calibrate;0;calibrate;14;;;rcp45;0;off;0;NPi_Baseline;1;2100;3;2050;9;GLO 0.09, EUR_regi 0.15;GLO.(biodiesel 0.14, bioeths 0.14), EUR_regi.(biodiesel 0.15, bioeths 0.15), USA_regi.pc 0.13, REF_regi.pc 0.13, CHA_regi.pc 0.14;3;1.05;standard;off;1.5;off;off;off;1;1;off;standard;standard;off;off;NPi2018;none;off;off;off;off;pop_SSP2EU;gdp_SSP2EU;gdp_SSP2EU;medOil;medGas;medCoal;1;2;1;3;SSP2;1;0;forcing_SSP2;SSP2;heat;Mix1;2005;;;;;SSP2EU-NPi-calibrate: This reference policy/baseline scenario follows the Shared Socioeconomic Pathways 2 called Middle of the Road. 
SSP2EU-Base;0;load;5;;;none;0;off;0;none;-1;2100;3;2050;1;GLO 0.09, EUR_regi 0.15;off;3;1.05;standard;off;1.5;off;off;off;1;1;off;standard;standard;off;off;none;none;off;off;off;off;pop_SSP2EU;gdp_SSP2EU;gdp_SSP2EU;medOil;medGas;medCoal;1;2;1;2;SSP2;1;0;forcing_SSP2;SSP2;heat;Mix1;2005;;;;;SSP2EU-Base: This baseline calibration scenario follows the Shared Socioeconomic Pathways 2 called Middle of the Road.
SSP2EU-NDC;0;load;5;;;rcp45;3;globallyOptimal;0;NDC;1;2100;3;2050;9;GLO 0.09, EUR_regi 0.15;GLO.(biodiesel 0.14, bioeths 0.14), EUR_regi.(biodiesel 0.15, bioeths 0.15), USA_regi.pc 0.13, REF_regi.pc 0.13, CHA_regi.pc 0.13;3;1.05;standard;off;1.5;off;off;off;1;1;off;standard;standard;off;off;NDC;none;off;off;off;off;pop_SSP2EU;gdp_SSP2EU;gdp_SSP2EU;medOil;medGas;medCoal;1;2;1;3;SSP2;1;0;forcing_SSP2;SSP2;heat;Mix2;2015;;SSP2EU-Base;SSP2EU-Base;;SSP2EU-NDC: This Nationally Determined Contribution (NDC) scenario follows the Shared Socioeconomic Pathways 2 called Middle of the Road. The NDC includes all pledged policies even if not yet implemented. It assumes that the moderate and heterogeneous climate ambition reflected in the NDCs at the begining of 2021 continues over the 21st century. This scenario serves as reference for all other policy scenarios and The NPi scenario until 2020.
SSP2EU-NPi;0;load;5;;;rcp45;3;off;0;NPi2018;1;2100;3;2050;9;GLO 0.09, EUR_regi 0.15;GLO.(biodiesel 0.14, bioeths 0.14), EUR_regi.(biodiesel 0.15, bioeths 0.15), USA_regi.pc 0.13, REF_regi.pc 0.13, CHA_regi.pc 0.13;3;1.05;standard;off;1.5;off;off;off;1;1;off;standard;standard;off;off;NPi2018;none;off;off;off;off;pop_SSP2EU;gdp_SSP2EU;gdp_SSP2EU;medOil;medGas;medCoal;1;2;1;3;SSP2;1;0;forcing_SSP2;SSP2;heat;Mix1;2025;;SSP2EU-NDC;SSP2EU-Base;;SSP2EU-NPi: This National Policies Implemented (Npi) scenario follows the Shared Socioeconomic Pathways 2 called Middle of the Road. The NPi is identical to the NDC scenario until 2020 but assumes that policies fail to achieve NDC targets in 2030. Instead, carbon prices are assumed to grow and converge more slowly, leading to emissions trajectories in line with bottom-up studies on the effect of currently implemented policies.
SSP2EU-PkBudg500;0;load;5;;;rcp20;9;globallyOptimal;500;diffCurvPhaseIn2Lin;100;2080;3;2050;9;GLO 0.09, EUR_regi 0.15;GLO.(biodiesel 0.14, bioeths 0.14), EUR_regi.(biodiesel 0.15, bioeths 0.15), USA_regi.pc 0.13, REF_regi.pc 0.13, CHA_regi.pc 0.13;3;1.05;standard;off;1.5;off;off;off;1;1;off;standard;standard;off;off;NDC;none;off;off;off;off;pop_SSP2EU;gdp_SSP2EU;gdp_SSP2EU;medOil;medGas;medCoal;1;2;1;2;SSP2;1;0;forcing_SSP2;SSP2;heat;Mix4;2025;;SSP2EU-NDC;SSP2EU-Base;;SSP2EU-PkBudg500: This climate policy scenario follows the Shared Socioeconomic Pathways 2 called Middle of the Road. The stylized climate policy scenario assumes a peak budget of 500 Gt?CO2 on total CO2 emissions from 2015 to 2100. This is a 1.5??C scenario, peak warming is allowed to be at or slightly above 1.5??C, at median climate sensitivity but returns to values below 1.5??C in at least 67?% of scenarios by the end of the century.
SSP2EU-PkBudg1150;0;load;;;;rcp26;9;globallyOptimal;1150;diffCurvPhaseIn2Lin;60;2100;3;2050;9;GLO 0.09, EUR_regi 0.15;GLO.(biodiesel 0.14, bioeths 0.14), EUR_regi.(biodiesel 0.15, bioeths 0.15), USA_regi.pc 0.13, REF_regi.pc 0.13, CHA_regi.pc 0.13;3;1.05;standard;off;1.5;off;off;off;1;1;off;standard;standard;off;off;NDC;none;off;off;off;off;pop_SSP2EU;gdp_SSP2EU;gdp_SSP2EU;medOil;medGas;medCoal;1;2;1;2;SSP2;1;0;forcing_SSP2;SSP2;heat;Mix3;2025;;SSP2EU-NDC;SSP2EU-Base;;SSP2EU-PkBudg1150: This climate policy scenario follows the Shared Socioeconomic Pathways 2 called Middle of the Road. The stylized climate policy scenario assumes a peak budget of 1150 Gt?CO2 on total CO2 emissions from 2015 to 2100. This is a weel below 2??C scenario, peak warming is allowed to be at or slightly above 2??C, at median climate sensitivity but returns to values below 2??C in at least 67?% of scenarios by the end of the century.
SSP1-calibrate;1;calibrate;14;;;none;0;off;0;none;-1;2100;3;2050;1;GLO 0.09, EUR_regi 0.15;off;2;1.025;standard;off;1.75;off;off;off;2;1;off;standard;standard;off;off;none;none;off;off;off;off;pop_SSP1;gdp_SSP1;gdp_SSP1;lowOil;lowGas;lowCoal;2;2;4;2;SSP1;0.5;1;forcing_SSP1;SSP1;heat;Mix1;2005;;;;;SSP1-calibration: This baseline calibration scenario follows the Shared Socioeconomic Pathways 1 called Sustainability.
SSP1-Base;0;load;5;;;none;0;off;0;none;-1;2100;3;2050;1;GLO 0.09, EUR_regi 0.15;off;2;1.025;standard;off;1.75;off;off;off;2;1;off;standard;standard;off;off;none;none;off;off;off;off;pop_SSP1;gdp_SSP1;gdp_SSP1;lowOil;lowGas;lowCoal;2;2;4;2;SSP1;0.5;1;forcing_SSP1;SSP1;heat;Mix1;2005;;;;;SSP1-Base: This baseline scenario follows the Shared Socioeconomic Pathways 1 called Sustainability.
SSP1-NDC;0;load;5;;;rcp45;3;globallyOptimal;0;NDC;1;2100;3;2050;9;GLO 0.09, EUR_regi 0.15;GLO.(biodiesel 0.14, bioeths 0.14), EUR_regi.(biodiesel 0.15, bioeths 0.15), USA_regi.pc 0.13, REF_regi.pc 0.13, CHA_regi.pc 0.13;2;1.025;standard;off;1.75;off;off;off;2;1;off;standard;standard;off;off;NDC;none;off;off;off;off;pop_SSP1;gdp_SSP1;gdp_SSP1;lowOil;lowGas;lowCoal;2;2;4;3;SSP1;0.5;1;forcing_SSP1;SSP1;heat;Mix2;2025;;SSP1-Base;SSP1-Base;;SSP1-NDC: This Nationally Determined Contribution (NDC) scenario follows the Shared Socioeconomic Pathways 1 called Sustainability. The NDC includes all pledged policies even if not yet implemented. It assumes that the moderate and heterogeneous climate ambition reflected in the NDCs at the begining of 2021 continues over the 21st century. This scenario serves as reference for all other policy scenarios and The NPi scenario until 2020.
SSP1-NPi;0;load;5;;;rcp45;3;off;0;NPi2018;1;2100;3;2050;9;GLO 0.09, EUR_regi 0.15;GLO.(biodiesel 0.14, bioeths 0.14), EUR_regi.(biodiesel 0.15, bioeths 0.15), USA_regi.pc 0.13, REF_regi.pc 0.13, CHA_regi.pc 0.13;2;1.025;standard;off;1.75;off;off;off;2;1;off;standard;standard;off;off;NPi2018;none;off;off;off;off;pop_SSP1;gdp_SSP1;gdp_SSP1;lowOil;lowGas;lowCoal;2;2;4;3;SSP1;0.5;1;forcing_SSP1;SSP1;heat;Mix1;2025;;SSP1-NDC;SSP1-Base;;SSP1-NPi: This National Policies Implemented (Npi) scenario follows the Shared Socioeconomic Pathways 1 called Sustainability. The NPi is identical to the NDC scenario until 2020 but assumes that policies fail to achieve NDC targets in 2030. Instead, carbon prices are assumed to grow and converge more slowly, leading to emissions trajectories in line with bottom-up studies on the effect of currently implemented policies.
SSP1-PkBudg500;0;load;5;;;rcp20;9;globallyOptimal;500;diffCurvPhaseIn2Lin;100;2080;3;2050;9;GLO 0.09, EUR_regi 0.15;GLO.(biodiesel 0.14, bioeths 0.14), EUR_regi.(biodiesel 0.15, bioeths 0.15), USA_regi.pc 0.13, REF_regi.pc 0.13, CHA_regi.pc 0.13;2;1.025;standard;off;1.75;off;off;off;2;1;off;standard;standard;off;off;NDC;none;off;off;off;off;pop_SSP1;gdp_SSP1;gdp_SSP1;lowOil;lowGas;lowCoal;2;2;4;2;SSP1;0.5;1;forcing_SSP1;SSP1;heat;Mix4;2025;;SSP1-NDC;SSP1-Base;;SSP1-PkBudg500: This climate policy scenario follows the Shared Socioeconomic Pathways 1 called Sustainability. The stylized climate policy scenario assumes a peak budget of 500 Gt?CO2 on total CO2 emissions from 2015 to 2100. This is a 1.5??C scenario, peak warming is allowed to be at or slightly above 1.5??C, at median climate sensitivity but returns to values below 1.5??C in at least 67?% of scenarios by the end of the century.
SSP1-PkBudg1150;0;load;;;;rcp26;9;globallyOptimal;1150;diffCurvPhaseIn2Lin;60;2100;3;2050;9;GLO 0.09, EUR_regi 0.15;GLO.(biodiesel 0.14, bioeths 0.14), EUR_regi.(biodiesel 0.15, bioeths 0.15), USA_regi.pc 0.13, REF_regi.pc 0.13, CHA_regi.pc 0.13;2;1.025;standard;off;1.75;off;off;off;2;1;off;standard;standard;off;off;NDC;none;off;off;off;off;pop_SSP1;gdp_SSP1;gdp_SSP1;lowOil;lowGas;lowCoal;2;2;4;2;SSP1;0.5;1;forcing_SSP1;SSP1;heat;Mix3;2025;;SSP2EU-NDC;SSP1-Base;;SSP1-PkBudg1150: This climate policy scenario follows the Shared Socioeconomic Pathways 1 called Sustainability. The stylized climate policy scenario assumes a peak budget of 1150 Gt?CO2 on total CO2 emissions from 2015 to 2100. This is a weel below 2??C scenario, peak warming is allowed to be at or slightly above 2??C, at median climate sensitivity but returns to values below 2??C in at least 67?% of scenarios by the end of the century.
SSP5-calibrate;1;calibrate;14;;;none;0;off;0;none;-1;2100;3;2050;1;GLO 0.09, EUR_regi 0.15;off;1;1.05;standard;off;1.75;off;off;off;3;2;off;standard;standard;off;off;none;none;off;off;off;off;pop_SSP5;gdp_SSP5;gdp_SSP5;highOil;highGas;highCoal;3;6;4;2;SSP5;0.5;1;forcing_SSP5;SSP5;heat;Mix1;2005;;;;;SSP5-calibration: This baseline calibration scenario follows the Shared Socioeconomic Pathways 5 called Fossil-Fueled Development.
SSP5-Base;0;load;;;;none;0;off;0;none;-1;2100;3;2050;1;GLO 0.09, EUR_regi 0.15;off;1;1.05;standard;off;1.75;off;off;off;3;2;off;standard;standard;off;off;none;none;off;off;off;off;pop_SSP5;gdp_SSP5;gdp_SSP5;highOil;highGas;highCoal;3;6;4;2;SSP5;0.5;1;forcing_SSP5;SSP5;heat;Mix1;2005;;;;;SSP5-Base: This baseline scenario follows the Shared Socioeconomic Pathways 5 called Fossil-Fueled Development.
SSP5-NDC;0;load;;;;rcp45;3;globallyOptimal;0;NDC;1;2100;3;2050;9;GLO 0.09, EUR_regi 0.15;GLO.(biodiesel 0.14, bioeths 0.14), EUR_regi.(biodiesel 0.15, bioeths 0.15), USA_regi.pc 0.13, REF_regi.pc 0.13, CHA_regi.pc 0.13;1;1.05;standard;off;1.75;off;off;off;3;2;off;standard;standard;off;off;NDC;none;off;off;off;off;pop_SSP5;gdp_SSP5;gdp_SSP5;highOil;highGas;highCoal;3;6;4;3;SSP5;0.5;1;forcing_SSP5;SSP5;heat;Mix2;2025;;SSP2EU-NDC;SSP5-Base;;SSP5-NDC: This Nationally Determined Contribution (NDC) scenario follows the Shared Socioeconomic Pathways 5 called Fossil-Fueled Development. The NDC includes all pledged policies even if not yet implemented. It assumes that the moderate and heterogeneous climate ambition reflected in the NDCs at the begining of 2021 continues over the 21st century. This scenario serves as reference for all other policy scenarios and The NPi scenario until 2020.
SSP5-NPi;0;load;;;;rcp45;3;off;0;NPi2018;1;2100;3;2050;9;GLO 0.09, EUR_regi 0.15;GLO.(biodiesel 0.14, bioeths 0.14), EUR_regi.(biodiesel 0.15, bioeths 0.15), USA_regi.pc 0.13, REF_regi.pc 0.13, CHA_regi.pc 0.13;1;1.05;standard;off;1.75;off;off;off;3;2;off;standard;standard;off;off;NPi2018;none;off;off;off;off;pop_SSP5;gdp_SSP5;gdp_SSP5;highOil;highGas;highCoal;3;6;4;3;SSP5;0.5;1;forcing_SSP5;SSP5;heat;Mix1;2025;;SSP2EU-NDC;SSP5-Base;;SSP5-NPi: This National Policies Implemented (Npi) scenario follows the Shared Socioeconomic Pathways 5 called Fossil-Fueled Development. The NPi is identical to the NDC scenario until 2020 but assumes that policies fail to achieve NDC targets in 2030. Instead, carbon prices are assumed to grow and converge more slowly, leading to emissions trajectories in line with bottom-up studies on the effect of currently implemented policies.
SSP5-PkBudg500;0;load;;;;rcp20;9;globallyOptimal;500;diffCurvPhaseIn2Lin;150;2080;3;2050;9;GLO 0.09, EUR_regi 0.15;GLO.(biodiesel 0.14, bioeths 0.14), EUR_regi.(biodiesel 0.15, bioeths 0.15), USA_regi.pc 0.13, REF_regi.pc 0.13, CHA_regi.pc 0.13;1;1.05;standard;off;1.75;off;off;off;3;2;off;standard;standard;off;off;NDC;none;off;off;off;off;pop_SSP5;gdp_SSP5;gdp_SSP5;highOil;highGas;highCoal;3;6;4;2;SSP5;0.5;1;forcing_SSP5;SSP5;heat;Mix4;2025;;SSP2EU-NDC;SSP5-Base;;SSP5-PkBudg500: This climate policy scenario follows the Shared Socioeconomic Pathways 5 called Fossil-Fueled Development. The stylized climate policy scenario assumes a peak budget of 500 Gt?CO2 on total CO2 emissions from 2015 to 2100. This is a 1.5??C scenario, peak warming is allowed to be at or slightly above 1.5??C, at median climate sensitivity but returns to values below 1.5??C in at least 67?% of scenarios by the end of the century.
SSP5-PkBudg1150;0;load;;;;rcp26;9;globallyOptimal;1150;diffCurvPhaseIn2Lin;80;2100;3;2050;9;GLO 0.09, EUR_regi 0.15;GLO.(biodiesel 0.14, bioeths 0.14), EUR_regi.(biodiesel 0.15, bioeths 0.15), USA_regi.pc 0.13, REF_regi.pc 0.13, CHA_regi.pc 0.13;1;1.05;standard;off;1.75;off;off;off;3;2;off;standard;standard;off;off;NDC;none;off;off;off;off;pop_SSP5;gdp_SSP5;gdp_SSP5;highOil;highGas;highCoal;3;6;4;2;SSP5;0.5;1;forcing_SSP5;SSP5;heat;Mix3;2025;;SSP2EU-NDC;SSP5-Base;;SSP5-PkBudg1150: This climate policy scenario follows the Shared Socioeconomic Pathways 5 called Fossil-Fueled Development. The stylized climate policy scenario assumes a peak budget of 1150 Gt?CO2 on total CO2 emissions from 2015 to 2100. This is a weel below 2??C scenario, peak warming is allowed to be at or slightly above 2??C, at median climate sensitivity but returns to values below 2??C in at least 67?% of scenarios by the end of the century.
#;;;;;;;;;;;;;;;;;;;;;;;;;;;;;;;;;;;;;;;;;;;;;;;;;;;;;;;;;;;;;
SSP1-Base_tOR_CAZ;0;load;8;testOneRegi;CAZ;none;0;off;0;none;-1;2100;3;2050;1;GLO 0.09, EUR_regi 0.15;off;2;1.025;standard;off;1.75;off;off;off;2;1;off;standard;standard;off;off;none;none;off;off;off;off;pop_SSP1;gdp_SSP1;gdp_SSP1;lowOil;lowGas;lowCoal;2;2;4;2;SSP1;0.5;1;forcing_SSP1;SSP1;heat;Mix1;2005;;;;;
SSP1-Base_tOR_CHA;0;load;8;testOneRegi;CHA;none;0;off;0;none;-1;2100;3;2050;1;GLO 0.09, EUR_regi 0.15;off;2;1.025;standard;off;1.75;off;off;off;2;1;off;standard;standard;off;off;none;none;off;off;off;off;pop_SSP1;gdp_SSP1;gdp_SSP1;lowOil;lowGas;lowCoal;2;2;4;2;SSP1;0.5;1;forcing_SSP1;SSP1;heat;Mix1;2005;SSP1-Base_tOR_CAZ;;;;
SSP1-Base_tOR_EUR;0;load;8;testOneRegi;EUR;none;0;off;0;none;-1;2100;3;2050;1;GLO 0.09, EUR_regi 0.15;off;2;1.025;standard;off;1.75;off;off;off;2;1;off;standard;standard;off;off;none;none;off;off;off;off;pop_SSP1;gdp_SSP1;gdp_SSP1;lowOil;lowGas;lowCoal;2;2;4;2;SSP1;0.5;1;forcing_SSP1;SSP1;heat;Mix1;2005;SSP1-Base_tOR_CHA;;;;
SSP1-Base_tOR_IND;0;load;8;testOneRegi;IND;none;0;off;0;none;-1;2100;3;2050;1;GLO 0.09, EUR_regi 0.15;off;2;1.025;standard;off;1.75;off;off;off;2;1;off;standard;standard;off;off;none;none;off;off;off;off;pop_SSP1;gdp_SSP1;gdp_SSP1;lowOil;lowGas;lowCoal;2;2;4;2;SSP1;0.5;1;forcing_SSP1;SSP1;heat;Mix1;2005;SSP1-Base_tOR_EUR;;;;
SSP1-Base_tOR_JPN;0;load;8;testOneRegi;JPN;none;0;off;0;none;-1;2100;3;2050;1;GLO 0.09, EUR_regi 0.15;off;2;1.025;standard;off;1.75;off;off;off;2;1;off;standard;standard;off;off;none;none;off;off;off;off;pop_SSP1;gdp_SSP1;gdp_SSP1;lowOil;lowGas;lowCoal;2;2;4;2;SSP1;0.5;1;forcing_SSP1;SSP1;heat;Mix1;2005;SSP1-Base_tOR_IND;;;;
SSP1-Base_tOR_LAM;0;load;8;testOneRegi;LAM;none;0;off;0;none;-1;2100;3;2050;1;GLO 0.09, EUR_regi 0.15;off;2;1.025;standard;off;1.75;off;off;off;2;1;off;standard;standard;off;off;none;none;off;off;off;off;pop_SSP1;gdp_SSP1;gdp_SSP1;lowOil;lowGas;lowCoal;2;2;4;2;SSP1;0.5;1;forcing_SSP1;SSP1;heat;Mix1;2005;SSP1-Base_tOR_JPN;;;;
SSP1-Base_tOR_MEA;0;load;8;testOneRegi;MEA;none;0;off;0;none;-1;2100;3;2050;1;GLO 0.09, EUR_regi 0.15;off;2;1.025;standard;off;1.75;off;off;off;2;1;off;standard;standard;off;off;none;none;off;off;off;off;pop_SSP1;gdp_SSP1;gdp_SSP1;lowOil;lowGas;lowCoal;2;2;4;2;SSP1;0.5;1;forcing_SSP1;SSP1;heat;Mix1;2005;SSP1-Base_tOR_LAM;;;;
SSP1-Base_tOR_NEU;0;load;8;testOneRegi;NEU;none;0;off;0;none;-1;2100;3;2050;1;GLO 0.09, EUR_regi 0.15;off;2;1.025;standard;off;1.75;off;off;off;2;1;off;standard;standard;off;off;none;none;off;off;off;off;pop_SSP1;gdp_SSP1;gdp_SSP1;lowOil;lowGas;lowCoal;2;2;4;2;SSP1;0.5;1;forcing_SSP1;SSP1;heat;Mix1;2005;SSP1-Base_tOR_MEA;;;;
SSP1-Base_tOR_OAS;0;load;8;testOneRegi;OAS;none;0;off;0;none;-1;2100;3;2050;1;GLO 0.09, EUR_regi 0.15;off;2;1.025;standard;off;1.75;off;off;off;2;1;off;standard;standard;off;off;none;none;off;off;off;off;pop_SSP1;gdp_SSP1;gdp_SSP1;lowOil;lowGas;lowCoal;2;2;4;2;SSP1;0.5;1;forcing_SSP1;SSP1;heat;Mix1;2005;SSP1-Base_tOR_NEU;;;;
SSP1-Base_tOR_REF;0;load;8;testOneRegi;REF;none;0;off;0;none;-1;2100;3;2050;1;GLO 0.09, EUR_regi 0.15;off;2;1.025;standard;off;1.75;off;off;off;2;1;off;standard;standard;off;off;none;none;off;off;off;off;pop_SSP1;gdp_SSP1;gdp_SSP1;lowOil;lowGas;lowCoal;2;2;4;2;SSP1;0.5;1;forcing_SSP1;SSP1;heat;Mix1;2005;SSP1-Base_tOR_OAS;;;;
SSP1-Base_tOR_SSA;0;load;8;testOneRegi;SSA;none;0;off;0;none;-1;2100;3;2050;1;GLO 0.09, EUR_regi 0.15;off;2;1.025;standard;off;1.75;off;off;off;2;1;off;standard;standard;off;off;none;none;off;off;off;off;pop_SSP1;gdp_SSP1;gdp_SSP1;lowOil;lowGas;lowCoal;2;2;4;2;SSP1;0.5;1;forcing_SSP1;SSP1;heat;Mix1;2005;SSP1-Base_tOR_REF;;;;
SSP1-Base_tOR_USA;0;load;8;testOneRegi;USA;none;0;off;0;none;-1;2100;3;2050;1;GLO 0.09, EUR_regi 0.15;off;2;1.025;standard;off;1.75;off;off;off;2;1;off;standard;standard;off;off;none;none;off;off;off;off;pop_SSP1;gdp_SSP1;gdp_SSP1;lowOil;lowGas;lowCoal;2;2;4;2;SSP1;0.5;1;forcing_SSP1;SSP1;heat;Mix1;2005;SSP1-Base_tOR_SSA;;;;
