title;start;cm_EVRE;regipol;cm_pubfinex_pol;cm_COVID_coal_scen;cm_PPCA_pol;cm_PPCA_size;cm_PPCA_OECD;cm_PPCA_nonOECD;cm_GDPcovid;cm_startyear;cm_NPi_startyr;path_gdx;path_gdx_ref;path_gdx_bau;cm_earlyreti_rate;industry;cm_nash_autoconverge;cm_iteration_max;CES_parameters;cm_bioenergy_tax;cm_techcosts;cm_rcp_scen;cm_iterative_target_adj;subsidizeLearning;c_budgetCO2;carbonprice;cm_co2_tax_2020;cm_peakBudgYr;cm_taxCO2inc_after_peakBudgYr;cm_POPscen;cm_GDPscen;cm_emiscen;cm_bioenergymaxscen;cm_fetaxscen;c_ccsinjecratescen;c_ccscapratescen;cm_ccsfosall;climate;optimization;c_testOneRegi_region;cm_nash_mode;cm_OILRETIRE;c_techAssumptScen;cm_nucscen;cm_so2tax_scen;cm_co2_tax_growth;c_SSP_forcing_adjust;cm_APscen;techpol;water;cm_cooling_shares;cm_multigasscen;cm_tradecost_bio;cm_1stgen_phaseout
NDC-Neutral_pubfinex_2025;0;none;PPCAcoalExit;RE_sub;Neutral;none;none;off;off;1;2020;2025;./config/input.gdx;./output/SSP2-NDC-covid-cfCHA52_2021-05-25_14.05.42/fulldata.gdx;./output/SSP2-Base-rev979_2021-03-23_14.26.59/fulldata.gdx;0.09;fixed_shares;1;1;load;1.5;REG;rcp45;3;globallyOptimal;0;NDC2018;1;2100;3;pop_SSP2;gdp_SSP2;9;0;3;1;1;on;off;nash;;parallel;off;1;2;1;1.05;forcing_SSP2;SSP2;NDC2018;heat;dynamic;3;2;0
NDC-Brown_pubfinex_2025;0;none;PPCAcoalExit;RE_sub;Brown;none;none;off;off;1;2020;2025;./config/input.gdx;./output/SSP2-NDC-covid-cfCHA52_2021-05-25_14.05.42/fulldata.gdx;./output/SSP2-Base-rev979_2021-03-23_14.26.59/fulldata.gdx;0.09;fixed_shares;1;1;load;1.5;REG;rcp45;3;globallyOptimal;0;NDC2018;1;2100;3;pop_SSP2;gdp_SSP2;9;0;3;1;1;on;off;nash;;parallel;off;1;2;1;1.05;forcing_SSP2;SSP2;NDC2018;heat;dynamic;3;2;0
NDC-Green_pubfinex_2025;0;none;PPCAcoalExit;RE_sub;Green;none;none;off;off;1;2020;2025;./config/input.gdx;./output/SSP2-NDC-covid-cfCHA52_2021-05-25_14.05.42/fulldata.gdx;./output/SSP2-Base-rev979_2021-03-23_14.26.59/fulldata.gdx;0.09;fixed_shares;1;1;load;1.5;REG;rcp45;3;globallyOptimal;0;NDC2018;1;2100;3;pop_SSP2;gdp_SSP2;9;0;3;1;1;on;off;nash;;parallel;off;1;2;1;1.05;forcing_SSP2;SSP2;NDC2018;heat;dynamic;3;2;0
Npi-Neutral_pubfinex_2025;1;none;PPCAcoalExit;RE_sub;Neutral;none;none;off;off;1;2025;2025;./config/input.gdx;./output/SSP2-NPi-covid-cfCHA52_2021-05-25_15.10.19/fulldata.gdx;./output/SSP2-Base-rev979_2021-03-23_14.26.59/fulldata.gdx;0.09;fixed_shares;1;1;load;1.5;REG;rcp45;3;off;0;NPi2018;1;2100;3;pop_SSP2;gdp_SSP2;9;0;3;1;1;on;off;nash;;parallel;off;1;2;1;1.05;forcing_SSP2;SSP2;NPi2018;heat;dynamic;3;2;0
Npi-Brown_pubfinex_2025;0;none;PPCAcoalExit;RE_sub;Brown;none;none;off;off;1;2025;2025;./config/input.gdx;./output/SSP2-NPi-covid-cfCHA52_2021-05-25_15.10.19/fulldata.gdx;./output/SSP2-Base-rev979_2021-03-23_14.26.59/fulldata.gdx;0.09;fixed_shares;1;1;load;1.5;REG;rcp45;3;off;0;NPi2018;1;2100;3;pop_SSP2;gdp_SSP2;9;0;3;1;1;on;off;nash;;parallel;off;1;2;1;1.05;forcing_SSP2;SSP2;NPi2018;heat;dynamic;3;2;0
Npi-Green_pubfinex_2025;0;none;PPCAcoalExit;RE_sub;Green;none;none;off;off;1;2025;2025;./config/input.gdx;./output/SSP2-NPi-covid-cfCHA52_2021-05-25_15.10.19/fulldata.gdx;./output/SSP2-Base-rev979_2021-03-23_14.26.59/fulldata.gdx;0.09;fixed_shares;1;1;load;1.5;REG;rcp45;3;off;0;NPi2018;1;2100;3;pop_SSP2;gdp_SSP2;9;0;3;1;1;on;off;nash;;parallel;off;1;2;1;1.05;forcing_SSP2;SSP2;NPi2018;heat;dynamic;3;2;0
PPCA_power-current-pubfinex_2025-Neutral;1;none;PPCAcoalExit;RE_sub;Neutral;power;current;on;on;1;2025;2025;./config/input.gdx;Npi-Neutral_pubfinex_2025;./output/SSP2-Base-rev979_2021-03-23_14.26.59/fulldata.gdx;0.09;fixed_shares;2;1;load;1.5;REG;rcp45;3;off;0;NPi2018;1;2100;3;pop_SSP2;gdp_SSP2;9;0;3;1;1;on;off;nash;;parallel;off;1;2;1;1.05;forcing_SSP2;SSP2;NPi2018;heat;dynamic;3;2;0
PPCA_power-current-pubfinex_2025-Brown;0;none;PPCAcoalExit;RE_sub;Brown;power;current;on;on;1;2025;2025;./config/input.gdx;Npi-Brown_pubfinex_2025;./output/SSP2-Base-rev979_2021-03-23_14.26.59/fulldata.gdx;0.09;fixed_shares;2;1;load;1.5;REG;rcp45;3;off;0;NPi2018;1;2100;3;pop_SSP2;gdp_SSP2;9;0;3;1;1;on;off;nash;;parallel;off;1;2;1;1.05;forcing_SSP2;SSP2;NPi2018;heat;dynamic;3;2;0
PPCA_power-current-pubfinex_2025-Green;0;none;PPCAcoalExit;RE_sub;Green;power;current;on;on;1;2025;2025;./config/input.gdx;Npi-Green_pubfinex_2025;./output/SSP2-Base-rev979_2021-03-23_14.26.59/fulldata.gdx;0.09;fixed_shares;2;1;load;1.5;REG;rcp45;3;off;0;NPi2018;1;2100;3;pop_SSP2;gdp_SSP2;9;0;3;1;1;on;off;nash;;parallel;off;1;2;1;1.05;forcing_SSP2;SSP2;NPi2018;heat;dynamic;3;2;0
PPCA_power-OECD-1p-pubfinex_2025-Neutral;0;none;PPCAcoalExit;RE_sub;Neutral;power;1p;on;off;1;2025;2025;./output/SSP2-PkBudg1300-covid-cfCHA52_2021-05-25_15.10.22/fulldata.gdx;PPCA_power-current-pubfinex_2025-Neutral;./output/SSP2-Base-rev979_2021-03-23_14.26.59/fulldata.gdx;0.09;fixed_shares;2;1;load;1.5;REG;rcp45;3;off;0;NPi2018;1;2100;3;pop_SSP2;gdp_SSP2;9;0;3;1;1;on;off;nash;;parallel;off;1;2;1;1.05;forcing_SSP2;SSP2;NPi2018;heat;dynamic;3;2;0
PPCA_power-OECD-2p-pubfinex_2025-Neutral;1;none;PPCAcoalExit;RE_sub;Neutral;power;2p;on;off;1;2025;2025;./output/SSP2-PkBudg1300-covid-cfCHA52_2021-05-25_15.10.22/fulldata.gdx;PPCA_power-current-pubfinex_2025-Neutral;./output/SSP2-Base-rev979_2021-03-23_14.26.59/fulldata.gdx;0.09;fixed_shares;2;1;load;1.5;REG;rcp45;3;off;0;NPi2018;1;2100;3;pop_SSP2;gdp_SSP2;9;0;3;1;1;on;off;nash;;parallel;off;1;2;1;1.05;forcing_SSP2;SSP2;NPi2018;heat;dynamic;3;2;0
PPCA_power-OECD-3p-pubfinex_2025-Neutral;0;none;PPCAcoalExit;RE_sub;Neutral;power;3p;on;off;1;2025;2025;./output/SSP2-PkBudg1300-covid-cfCHA52_2021-05-25_15.10.22/fulldata.gdx;PPCA_power-current-pubfinex_2025-Neutral;./output/SSP2-Base-rev979_2021-03-23_14.26.59/fulldata.gdx;0.09;fixed_shares;2;1;load;1.5;REG;rcp45;3;off;0;NPi2018;1;2100;3;pop_SSP2;gdp_SSP2;9;0;3;1;1;on;off;nash;;parallel;off;1;2;1;1.05;forcing_SSP2;SSP2;NPi2018;heat;dynamic;3;2;0
PPCA_power-OECD-1p-pubfinex_2025-Brown;0;none;PPCAcoalExit;RE_sub;Brown;power;1p;on;off;1;2025;2025;./output/SSP2-PkBudg1300-covid-cfCHA52_2021-05-25_15.10.22/fulldata.gdx;PPCA_power-current-pubfinex_2025-Brown;./output/SSP2-Base-rev979_2021-03-23_14.26.59/fulldata.gdx;0.09;fixed_shares;2;1;load;1.5;REG;rcp45;3;off;0;NPi2018;1;2100;3;pop_SSP2;gdp_SSP2;9;0;3;1;1;on;off;nash;;parallel;off;1;2;1;1.05;forcing_SSP2;SSP2;NPi2018;heat;dynamic;3;2;0
PPCA_power-OECD-2p-pubfinex_2025-Brown;0;none;PPCAcoalExit;RE_sub;Brown;power;2p;on;off;1;2025;2025;./output/SSP2-PkBudg1300-covid-cfCHA52_2021-05-25_15.10.22/fulldata.gdx;PPCA_power-current-pubfinex_2025-Brown;./output/SSP2-Base-rev979_2021-03-23_14.26.59/fulldata.gdx;0.09;fixed_shares;2;1;load;1.5;REG;rcp45;3;off;0;NPi2018;1;2100;3;pop_SSP2;gdp_SSP2;9;0;3;1;1;on;off;nash;;parallel;off;1;2;1;1.05;forcing_SSP2;SSP2;NPi2018;heat;dynamic;3;2;0
PPCA_power-OECD-3p-pubfinex_2025-Brown;0;none;PPCAcoalExit;RE_sub;Brown;power;3p;on;off;1;2025;2025;./output/SSP2-PkBudg1300-covid-cfCHA52_2021-05-25_15.10.22/fulldata.gdx;PPCA_power-current-pubfinex_2025-Brown;./output/SSP2-Base-rev979_2021-03-23_14.26.59/fulldata.gdx;0.09;fixed_shares;2;1;load;1.5;REG;rcp45;3;off;0;NPi2018;1;2100;3;pop_SSP2;gdp_SSP2;9;0;3;1;1;on;off;nash;;parallel;off;1;2;1;1.05;forcing_SSP2;SSP2;NPi2018;heat;dynamic;3;2;0
PPCA_power-OECD-1p-pubfinex_2025-Green;0;none;PPCAcoalExit;RE_sub;Green;power;1p;on;off;1;2025;2025;./output/SSP2-PkBudg1300-covid-cfCHA52_2021-05-25_15.10.22/fulldata.gdx;PPCA_power-current-pubfinex_2025-Green;./output/SSP2-Base-rev979_2021-03-23_14.26.59/fulldata.gdx;0.09;fixed_shares;2;1;load;1.5;REG;rcp45;3;off;0;NPi2018;1;2100;3;pop_SSP2;gdp_SSP2;9;0;3;1;1;on;off;nash;;parallel;off;1;2;1;1.05;forcing_SSP2;SSP2;NPi2018;heat;dynamic;3;2;0
PPCA_power-OECD-2p-pubfinex_2025-Green;0;none;PPCAcoalExit;RE_sub;Green;power;2p;on;off;1;2025;2025;./output/SSP2-PkBudg1300-covid-cfCHA52_2021-05-25_15.10.22/fulldata.gdx;PPCA_power-current-pubfinex_2025-Green;./output/SSP2-Base-rev979_2021-03-23_14.26.59/fulldata.gdx;0.09;fixed_shares;2;1;load;1.5;REG;rcp45;3;off;0;NPi2018;1;2100;3;pop_SSP2;gdp_SSP2;9;0;3;1;1;on;off;nash;;parallel;off;1;2;1;1.05;forcing_SSP2;SSP2;NPi2018;heat;dynamic;3;2;0
PPCA_power-OECD-3p-pubfinex_2025-Green;0;none;PPCAcoalExit;RE_sub;Green;power;3p;on;off;1;2025;2025;./output/SSP2-PkBudg1300-covid-cfCHA52_2021-05-25_15.10.22/fulldata.gdx;PPCA_power-current-pubfinex_2025-Green;./output/SSP2-Base-rev979_2021-03-23_14.26.59/fulldata.gdx;0.09;fixed_shares;2;1;load;1.5;REG;rcp45;3;off;0;NPi2018;1;2100;3;pop_SSP2;gdp_SSP2;9;0;3;1;1;on;off;nash;;parallel;off;1;2;1;1.05;forcing_SSP2;SSP2;NPi2018;heat;dynamic;3;2;0
PPCA_power-nonOECD-1p-pubfinex_2025-Neutral;0;none;PPCAcoalExit;RE_sub;Neutral;power;1p;on;on;1;2035;2025;./output/SSP2-PkBudg1300-covid-cfCHA52_2021-05-25_15.10.22/fulldata.gdx;PPCA_power-OECD-1p-pubfinex_2025-Neutral;./output/SSP2-Base-rev979_2021-03-23_14.26.59/fulldata.gdx;0.09;fixed_shares;2;1;load;1.5;REG;rcp45;3;off;0;NPi2018;1;2100;3;pop_SSP2;gdp_SSP2;9;0;3;1;1;on;off;nash;;parallel;off;1;2;1;1.05;forcing_SSP2;SSP2;NPi2018;heat;dynamic;3;2;0
PPCA_power-nonOECD-2p-pubfinex_2025-Neutral;1;none;PPCAcoalExit;RE_sub;Neutral;power;2p;on;on;1;2035;2025;./output/SSP2-PkBudg1300-covid-cfCHA52_2021-05-25_15.10.22/fulldata.gdx;PPCA_power-OECD-2p-pubfinex_2025-Neutral;./output/SSP2-Base-rev979_2021-03-23_14.26.59/fulldata.gdx;0.09;fixed_shares;2;1;load;1.5;REG;rcp45;3;off;0;NPi2018;1;2100;3;pop_SSP2;gdp_SSP2;9;0;3;1;1;on;off;nash;;parallel;off;1;2;1;1.05;forcing_SSP2;SSP2;NPi2018;heat;dynamic;3;2;0
PPCA_power-nonOECD-3p-pubfinex_2025-Neutral;0;none;PPCAcoalExit;RE_sub;Neutral;power;3p;on;on;1;2035;2025;./output/SSP2-PkBudg1300-covid-cfCHA52_2021-05-25_15.10.22/fulldata.gdx;PPCA_power-OECD-3p-pubfinex_2025-Neutral;./output/SSP2-Base-rev979_2021-03-23_14.26.59/fulldata.gdx;0.09;fixed_shares;2;1;load;1.5;REG;rcp45;3;off;0;NPi2018;1;2100;3;pop_SSP2;gdp_SSP2;9;0;3;1;1;on;off;nash;;parallel;off;1;2;1;1.05;forcing_SSP2;SSP2;NPi2018;heat;dynamic;3;2;0
PPCA_power-nonOECD-1p-pubfinex_2025-Brown;0;none;PPCAcoalExit;RE_sub;Brown;power;1p;on;on;1;2035;2025;./output/SSP2-PkBudg1300-covid-cfCHA52_2021-05-25_15.10.22/fulldata.gdx;PPCA_power-OECD-1p-pubfinex_2025-Brown;./output/SSP2-Base-rev979_2021-03-23_14.26.59/fulldata.gdx;0.09;fixed_shares;2;1;load;1.5;REG;rcp45;3;off;0;NPi2018;1;2100;3;pop_SSP2;gdp_SSP2;9;0;3;1;1;on;off;nash;;parallel;off;1;2;1;1.05;forcing_SSP2;SSP2;NPi2018;heat;dynamic;3;2;0
PPCA_power-nonOECD-2p-pubfinex_2025-Brown;0;none;PPCAcoalExit;RE_sub;Brown;power;2p;on;on;1;2035;2025;./output/SSP2-PkBudg1300-covid-cfCHA52_2021-05-25_15.10.22/fulldata.gdx;PPCA_power-OECD-2p-pubfinex_2025-Brown;./output/SSP2-Base-rev979_2021-03-23_14.26.59/fulldata.gdx;0.09;fixed_shares;2;1;load;1.5;REG;rcp45;3;off;0;NPi2018;1;2100;3;pop_SSP2;gdp_SSP2;9;0;3;1;1;on;off;nash;;parallel;off;1;2;1;1.05;forcing_SSP2;SSP2;NPi2018;heat;dynamic;3;2;0
PPCA_power-nonOECD-3p-pubfinex_2025-Brown;0;none;PPCAcoalExit;RE_sub;Brown;power;3p;on;on;1;2035;2025;./output/SSP2-PkBudg1300-covid-cfCHA52_2021-05-25_15.10.22/fulldata.gdx;PPCA_power-OECD-3p-pubfinex_2025-Brown;./output/SSP2-Base-rev979_2021-03-23_14.26.59/fulldata.gdx;0.09;fixed_shares;2;1;load;1.5;REG;rcp45;3;off;0;NPi2018;1;2100;3;pop_SSP2;gdp_SSP2;9;0;3;1;1;on;off;nash;;parallel;off;1;2;1;1.05;forcing_SSP2;SSP2;NPi2018;heat;dynamic;3;2;0
PPCA_power-nonOECD-1p-pubfinex_2025-Green;0;none;PPCAcoalExit;RE_sub;Green;power;1p;on;on;1;2035;2025;./output/SSP2-PkBudg1300-covid-cfCHA52_2021-05-25_15.10.22/fulldata.gdx;PPCA_power-OECD-1p-pubfinex_2025-Green;./output/SSP2-Base-rev979_2021-03-23_14.26.59/fulldata.gdx;0.09;fixed_shares;2;1;load;1.5;REG;rcp45;3;off;0;NPi2018;1;2100;3;pop_SSP2;gdp_SSP2;9;0;3;1;1;on;off;nash;;parallel;off;1;2;1;1.05;forcing_SSP2;SSP2;NPi2018;heat;dynamic;3;2;0
PPCA_power-nonOECD-2p-pubfinex_2025-Green;0;none;PPCAcoalExit;RE_sub;Green;power;2p;on;on;1;2035;2025;./output/SSP2-PkBudg1300-covid-cfCHA52_2021-05-25_15.10.22/fulldata.gdx;PPCA_power-OECD-2p-pubfinex_2025-Green;./output/SSP2-Base-rev979_2021-03-23_14.26.59/fulldata.gdx;0.09;fixed_shares;2;1;load;1.5;REG;rcp45;3;off;0;NPi2018;1;2100;3;pop_SSP2;gdp_SSP2;9;0;3;1;1;on;off;nash;;parallel;off;1;2;1;1.05;forcing_SSP2;SSP2;NPi2018;heat;dynamic;3;2;0
PPCA_power-nonOECD-3p-pubfinex_2025-Green;0;none;PPCAcoalExit;RE_sub;Green;power;3p;on;on;1;2035;2025;./output/SSP2-PkBudg1300-covid-cfCHA52_2021-05-25_15.10.22/fulldata.gdx;PPCA_power-OECD-3p-pubfinex_2025-Green;./output/SSP2-Base-rev979_2021-03-23_14.26.59/fulldata.gdx;0.09;fixed_shares;2;1;load;1.5;REG;rcp45;3;off;0;NPi2018;1;2100;3;pop_SSP2;gdp_SSP2;9;0;3;1;1;on;off;nash;;parallel;off;1;2;1;1.05;forcing_SSP2;SSP2;NPi2018;heat;dynamic;3;2;0
PPCA_demand-current-pubfinex_2025-Neutral;0;none;PPCAcoalExit;RE_sub;Neutral;demand;current;on;on;1;2025;2025;./config/input.gdx;Npi-BAU_pubfinex_2025;./output/SSP2-Base-rev979_2021-03-23_14.26.59/fulldata.gdx;0.09;fixed_shares;2;1;load;1.5;REG;rcp45;3;off;0;NPi2018;1;2100;3;pop_SSP2;gdp_SSP2;9;0;3;1;1;on;off;nash;;parallel;off;1;2;1;1.05;forcing_SSP2;SSP2;NPi2018;heat;dynamic;3;2;0
PPCA_demand-current-pubfinex_2025-Brown;0;none;PPCAcoalExit;RE_sub;Brown;demand;current;on;on;1;2025;2025;./config/input.gdx;Npi-Brown_pubfinex_2025;./output/SSP2-Base-rev979_2021-03-23_14.26.59/fulldata.gdx;0.09;fixed_shares;2;1;load;1.5;REG;rcp45;3;off;0;NPi2018;1;2100;3;pop_SSP2;gdp_SSP2;9;0;3;1;1;on;off;nash;;parallel;off;1;2;1;1.05;forcing_SSP2;SSP2;NPi2018;heat;dynamic;3;2;0
PPCA_demand-current-pubfinex_2025-Green;0;none;PPCAcoalExit;RE_sub;Green;demand;current;on;on;1;2025;2025;./config/input.gdx;Npi-Green_pubfinex_2025;./output/SSP2-Base-rev979_2021-03-23_14.26.59/fulldata.gdx;0.09;fixed_shares;2;1;load;1.5;REG;rcp45;3;off;0;NPi2018;1;2100;3;pop_SSP2;gdp_SSP2;9;0;3;1;1;on;off;nash;;parallel;off;1;2;1;1.05;forcing_SSP2;SSP2;NPi2018;heat;dynamic;3;2;0
PPCA_demand-OECD-1p-pubfinex_2025-Neutral;0;none;PPCAcoalExit;RE_sub;Neutral;demand;1p;on;off;1;2025;2025;./output/SSP2-PkBudg1300-covid-cfCHA52_2021-05-25_15.10.22/fulldata.gdx;PPCA_demand-current-pubfinex_2025-BAU;./output/SSP2-Base-rev979_2021-03-23_14.26.59/fulldata.gdx;0.09;fixed_shares;2;1;load;1.5;REG;rcp45;3;off;0;NPi2018;1;2100;3;pop_SSP2;gdp_SSP2;9;0;3;1;1;on;off;nash;;parallel;off;1;2;1;1.05;forcing_SSP2;SSP2;NPi2018;heat;dynamic;3;2;0
PPCA_demand-OECD-2p-pubfinex_2025-Neutral;0;none;PPCAcoalExit;RE_sub;Neutral;demand;2p;on;off;1;2025;2025;./output/SSP2-PkBudg1300-covid-cfCHA52_2021-05-25_15.10.22/fulldata.gdx;PPCA_demand-current-pubfinex_2025-BAU;./output/SSP2-Base-rev979_2021-03-23_14.26.59/fulldata.gdx;0.09;fixed_shares;2;1;load;1.5;REG;rcp45;3;off;0;NPi2018;1;2100;3;pop_SSP2;gdp_SSP2;9;0;3;1;1;on;off;nash;;parallel;off;1;2;1;1.05;forcing_SSP2;SSP2;NPi2018;heat;dynamic;3;2;0
PPCA_demand-OECD-3p-pubfinex_2025-Neutral;0;none;PPCAcoalExit;RE_sub;Neutral;demand;3p;on;off;1;2025;2025;./output/SSP2-PkBudg1300-covid-cfCHA52_2021-05-25_15.10.22/fulldata.gdx;PPCA_demand-current-pubfinex_2025-BAU;./output/SSP2-Base-rev979_2021-03-23_14.26.59/fulldata.gdx;0.09;fixed_shares;2;1;load;1.5;REG;rcp45;3;off;0;NPi2018;1;2100;3;pop_SSP2;gdp_SSP2;9;0;3;1;1;on;off;nash;;parallel;off;1;2;1;1.05;forcing_SSP2;SSP2;NPi2018;heat;dynamic;3;2;0
PPCA_demand-OECD-1p-pubfinex_2025-Brown;0;none;PPCAcoalExit;RE_sub;Brown;demand;1p;on;off;1;2025;2025;./output/SSP2-PkBudg1300-covid-cfCHA52_2021-05-25_15.10.22/fulldata.gdx;PPCA_demand-current-pubfinex_2025-Brown;./output/SSP2-Base-rev979_2021-03-23_14.26.59/fulldata.gdx;0.09;fixed_shares;2;1;load;1.5;REG;rcp45;3;off;0;NPi2018;1;2100;3;pop_SSP2;gdp_SSP2;9;0;3;1;1;on;off;nash;;parallel;off;1;2;1;1.05;forcing_SSP2;SSP2;NPi2018;heat;dynamic;3;2;0
PPCA_demand-OECD-2p-pubfinex_2025-Brown;0;none;PPCAcoalExit;RE_sub;Brown;demand;2p;on;off;1;2025;2025;./output/SSP2-PkBudg1300-covid-cfCHA52_2021-05-25_15.10.22/fulldata.gdx;PPCA_demand-current-pubfinex_2025-Brown;./output/SSP2-Base-rev979_2021-03-23_14.26.59/fulldata.gdx;0.09;fixed_shares;2;1;load;1.5;REG;rcp45;3;off;0;NPi2018;1;2100;3;pop_SSP2;gdp_SSP2;9;0;3;1;1;on;off;nash;;parallel;off;1;2;1;1.05;forcing_SSP2;SSP2;NPi2018;heat;dynamic;3;2;0
PPCA_demand-OECD-3p-pubfinex_2025-Brown;0;none;PPCAcoalExit;RE_sub;Brown;demand;3p;on;off;1;2025;2025;./output/SSP2-PkBudg1300-covid-cfCHA52_2021-05-25_15.10.22/fulldata.gdx;PPCA_demand-current-pubfinex_2025-Brown;./output/SSP2-Base-rev979_2021-03-23_14.26.59/fulldata.gdx;0.09;fixed_shares;2;1;load;1.5;REG;rcp45;3;off;0;NPi2018;1;2100;3;pop_SSP2;gdp_SSP2;9;0;3;1;1;on;off;nash;;parallel;off;1;2;1;1.05;forcing_SSP2;SSP2;NPi2018;heat;dynamic;3;2;0
PPCA_demand-OECD-1p-pubfinex_2025-Green;0;none;PPCAcoalExit;RE_sub;Green;demand;1p;on;off;1;2025;2025;./output/SSP2-PkBudg1300-covid-cfCHA52_2021-05-25_15.10.22/fulldata.gdx;PPCA_demand-current-pubfinex_2025-Green;./output/SSP2-Base-rev979_2021-03-23_14.26.59/fulldata.gdx;0.09;fixed_shares;2;1;load;1.5;REG;rcp45;3;off;0;NPi2018;1;2100;3;pop_SSP2;gdp_SSP2;9;0;3;1;1;on;off;nash;;parallel;off;1;2;1;1.05;forcing_SSP2;SSP2;NPi2018;heat;dynamic;3;2;0
PPCA_demand-OECD-2p-pubfinex_2025-Green;0;none;PPCAcoalExit;RE_sub;Green;demand;2p;on;off;1;2025;2025;./output/SSP2-PkBudg1300-covid-cfCHA52_2021-05-25_15.10.22/fulldata.gdx;PPCA_demand-current-pubfinex_2025-Green;./output/SSP2-Base-rev979_2021-03-23_14.26.59/fulldata.gdx;0.09;fixed_shares;2;1;load;1.5;REG;rcp45;3;off;0;NPi2018;1;2100;3;pop_SSP2;gdp_SSP2;9;0;3;1;1;on;off;nash;;parallel;off;1;2;1;1.05;forcing_SSP2;SSP2;NPi2018;heat;dynamic;3;2;0
PPCA_demand-OECD-3p-pubfinex_2025-Green;0;none;PPCAcoalExit;RE_sub;Green;demand;3p;on;off;1;2025;2025;./output/SSP2-PkBudg1300-covid-cfCHA52_2021-05-25_15.10.22/fulldata.gdx;PPCA_demand-current-pubfinex_2025-Green;./output/SSP2-Base-rev979_2021-03-23_14.26.59/fulldata.gdx;0.09;fixed_shares;2;1;load;1.5;REG;rcp45;3;off;0;NPi2018;1;2100;3;pop_SSP2;gdp_SSP2;9;0;3;1;1;on;off;nash;;parallel;off;1;2;1;1.05;forcing_SSP2;SSP2;NPi2018;heat;dynamic;3;2;0
PPCA_demand-nonOECD-1p-pubfinex_2025-Neutral;0;none;PPCAcoalExit;RE_sub;Neutral;demand;1p;on;on;1;2035;2025;./output/SSP2-PkBudg1300-covid-cfCHA52_2021-05-25_15.10.22/fulldata.gdx;PPCA_demand-OECD-1p-pubfinex_2025-BAU;./output/SSP2-Base-rev979_2021-03-23_14.26.59/fulldata.gdx;0.09;fixed_shares;2;1;load;1.5;REG;rcp45;3;off;0;NPi2018;1;2100;3;pop_SSP2;gdp_SSP2;9;0;3;1;1;on;off;nash;;parallel;off;1;2;1;1.05;forcing_SSP2;SSP2;NPi2018;heat;dynamic;3;2;0
PPCA_demand-nonOECD-2p-pubfinex_2025-Neutral;0;none;PPCAcoalExit;RE_sub;Neutral;demand;2p;on;on;1;2035;2025;./output/SSP2-PkBudg1300-covid-cfCHA52_2021-05-25_15.10.22/fulldata.gdx;PPCA_demand-OECD-2p-pubfinex_2025-BAU;./output/SSP2-Base-rev979_2021-03-23_14.26.59/fulldata.gdx;0.09;fixed_shares;2;1;load;1.5;REG;rcp45;3;off;0;NPi2018;1;2100;3;pop_SSP2;gdp_SSP2;9;0;3;1;1;on;off;nash;;parallel;off;1;2;1;1.05;forcing_SSP2;SSP2;NPi2018;heat;dynamic;3;2;0
PPCA_demand-nonOECD-3p-pubfinex_2025-Neutral;0;none;PPCAcoalExit;RE_sub;Neutral;demand;3p;on;on;1;2035;2025;./output/SSP2-PkBudg1300-covid-cfCHA52_2021-05-25_15.10.22/fulldata.gdx;PPCA_demand-OECD-3p-pubfinex_2025-BAU;./output/SSP2-Base-rev979_2021-03-23_14.26.59/fulldata.gdx;0.09;fixed_shares;2;1;load;1.5;REG;rcp45;3;off;0;NPi2018;1;2100;3;pop_SSP2;gdp_SSP2;9;0;3;1;1;on;off;nash;;parallel;off;1;2;1;1.05;forcing_SSP2;SSP2;NPi2018;heat;dynamic;3;2;0
PPCA_demand-nonOECD-1p-pubfinex_2025-Brown;0;none;PPCAcoalExit;RE_sub;Brown;demand;1p;on;on;1;2035;2025;./output/SSP2-PkBudg1300-covid-cfCHA52_2021-05-25_15.10.22/fulldata.gdx;PPCA_demand-OECD-1p-pubfinex_2025-Brown;./output/SSP2-Base-rev979_2021-03-23_14.26.59/fulldata.gdx;0.09;fixed_shares;2;1;load;1.5;REG;rcp45;3;off;0;NPi2018;1;2100;3;pop_SSP2;gdp_SSP2;9;0;3;1;1;on;off;nash;;parallel;off;1;2;1;1.05;forcing_SSP2;SSP2;NPi2018;heat;dynamic;3;2;0
PPCA_demand-nonOECD-2p-pubfinex_2025-Brown;0;none;PPCAcoalExit;RE_sub;Brown;demand;2p;on;on;1;2035;2025;./output/SSP2-PkBudg1300-covid-cfCHA52_2021-05-25_15.10.22/fulldata.gdx;PPCA_demand-OECD-2p-pubfinex_2025-Brown;./output/SSP2-Base-rev979_2021-03-23_14.26.59/fulldata.gdx;0.09;fixed_shares;2;1;load;1.5;REG;rcp45;3;off;0;NPi2018;1;2100;3;pop_SSP2;gdp_SSP2;9;0;3;1;1;on;off;nash;;parallel;off;1;2;1;1.05;forcing_SSP2;SSP2;NPi2018;heat;dynamic;3;2;0
PPCA_demand-nonOECD-3p-pubfinex_2025-Brown;0;none;PPCAcoalExit;RE_sub;Brown;demand;3p;on;on;1;2035;2025;./output/SSP2-PkBudg1300-covid-cfCHA52_2021-05-25_15.10.22/fulldata.gdx;PPCA_demand-OECD-3p-pubfinex_2025-Brown;./output/SSP2-Base-rev979_2021-03-23_14.26.59/fulldata.gdx;0.09;fixed_shares;2;1;load;1.5;REG;rcp45;3;off;0;NPi2018;1;2100;3;pop_SSP2;gdp_SSP2;9;0;3;1;1;on;off;nash;;parallel;off;1;2;1;1.05;forcing_SSP2;SSP2;NPi2018;heat;dynamic;3;2;0
PPCA_demand-nonOECD-1p-pubfinex_2025-Green;0;none;PPCAcoalExit;RE_sub;Green;demand;1p;on;on;1;2035;2025;./output/SSP2-PkBudg1300-covid-cfCHA52_2021-05-25_15.10.22/fulldata.gdx;PPCA_demand-OECD-1p-pubfinex_2025-Green;./output/SSP2-Base-rev979_2021-03-23_14.26.59/fulldata.gdx;0.09;fixed_shares;2;1;load;1.5;REG;rcp45;3;off;0;NPi2018;1;2100;3;pop_SSP2;gdp_SSP2;9;0;3;1;1;on;off;nash;;parallel;off;1;2;1;1.05;forcing_SSP2;SSP2;NPi2018;heat;dynamic;3;2;0
PPCA_demand-nonOECD-2p-pubfinex_2025-Green;0;none;PPCAcoalExit;RE_sub;Green;demand;2p;on;on;1;2035;2025;./output/SSP2-PkBudg1300-covid-cfCHA52_2021-05-25_15.10.22/fulldata.gdx;PPCA_demand-OECD-2p-pubfinex_2025-Green;./output/SSP2-Base-rev979_2021-03-23_14.26.59/fulldata.gdx;0.09;fixed_shares;2;1;load;1.5;REG;rcp45;3;off;0;NPi2018;1;2100;3;pop_SSP2;gdp_SSP2;9;0;3;1;1;on;off;nash;;parallel;off;1;2;1;1.05;forcing_SSP2;SSP2;NPi2018;heat;dynamic;3;2;0
PPCA_demand-nonOECD-3p-pubfinex_2025-Green;0;none;PPCAcoalExit;RE_sub;Green;demand;3p;on;on;1;2035;2025;./output/SSP2-PkBudg1300-covid-cfCHA52_2021-05-25_15.10.22/fulldata.gdx;PPCA_demand-OECD-3p-pubfinex_2025-Green;./output/SSP2-Base-rev979_2021-03-23_14.26.59/fulldata.gdx;0.09;fixed_shares;2;1;load;1.5;REG;rcp45;3;off;0;NPi2018;1;2100;3;pop_SSP2;gdp_SSP2;9;0;3;1;1;on;off;nash;;parallel;off;1;2;1;1.05;forcing_SSP2;SSP2;NPi2018;heat;dynamic;3;2;0
